{"cameraMode":{"drawMode":0,"name":"Shaded","section":"Shading Mode"},"sceneLighting":false,"audioPlay":false,"sceneViewState":{"m_AlwaysRefresh":false,"showFog":true,"showSkybox":false,"showFlares":true,"showImageEffects":true,"showParticleSystems":true,"showVisualEffectGraphs":true,"m_FxEnabled":true},"in2DMode":false,"pivot":{"x":-0.947176456451416,"y":0.9361354112625122,"z":-1.029219627380371},"rotation":{"x":0.019469987601041795,"y":0.9760460257530212,"z":-0.19309259951114655,"w":0.09840971976518631},"size":1.7463217973709107,"orthographic":false}