{"cameraMode":{"drawMode":0,"name":"Shaded","section":"Shading Mode"},"sceneLighting":false,"audioPlay":false,"sceneViewState":{"m_AlwaysRefresh":false,"showFog":true,"showSkybox":false,"showFlares":true,"showImageEffects":true,"showParticleSystems":true,"showVisualEffectGraphs":true,"m_FxEnabled":true},"in2DMode":false,"pivot":{"x":2.5399999618530275,"y":0.9599999785423279,"z":3.740000009536743},"rotation":{"x":0.007800239138305187,"y":0.04860525205731392,"z":-0.0003840546414721757,"w":0.9987970590591431},"size":0.888889729976654,"orthographic":false}