{"cameraMode":{"drawMode":0,"name":"Shaded","section":"Shading Mode"},"sceneLighting":false,"audioPlay":false,"sceneViewState":{"m_AlwaysRefresh":false,"showFog":false,"showSkybox":false,"showFlares":false,"showImageEffects":false,"showParticleSystems":false,"showVisualEffectGraphs":true,"m_FxEnabled":true},"in2DMode":false,"pivot":{"x":0.1263524889945984,"y":1.2331271171569825,"z":0.3059380054473877},"rotation":{"x":-0.01602790132164955,"y":0.9639029502868652,"z":-0.059655144810676578,"w":-0.2590157985687256},"size":0.4732869863510132,"orthographic":false}